{
    "Modules": {
        "...MASTER...": {
            "start_perf": [
                0.75253891944885254,
                0.107378,
                0.083630999999999997,
                259404,
                271676,
                1571368252.413204
            ],
            "end_perf": [
                0.81390905380249023,
                0.111847,
                0.089063000000000003,
                262844,
                271676
            ],
            "nQuads": 0,
            "nMops": 0
        },
        "std": {
            "start_perf": [
                0.81415390968322754,
                0.111847,
                0.089292999999999997,
                262844,
                271676,
                1571368252.4748189
            ],
            "Compiled": "Yes",
            "Compiled Times": 23,
            "end_perf": [
                0.8533179759979248,
                0.117074,
                0.093243999999999994,
                264048,
                271676
            ],
            "nQuads": 218,
            "nMops": 528
        },
        "mux_test": {
            "start_perf": [
                0.85342192649841309,
                0.117133,
                0.093290999999999999,
                264048,
                271676,
                1571368252.514087
            ],
            "Compiled": "Yes",
            "Compiled Times": 1,
            "end_perf": [
                0.89990091323852539,
                0.13247500000000001,
                0.097008999999999998,
                278848,
                278848
            ],
            "nQuads": 516,
            "nMops": 794
        }
    },
    "stat": {
        "ru_self_end": {
            "ru_nivcsw": 36,
            "ru_utime_sec": 0.13916600000000001,
            "ru_maxrss_kb": 74940,
            "ru_stime_sec": 0.104893,
            "ru_majflt": 0,
            "ru_minflt": 25501,
            "ru_nvcsw": 507
        },
        "peak_mem_kb": 278876,
        "ru_childs_end": {
            "ru_nivcsw": 18,
            "ru_utime_sec": 0.011273999999999999,
            "ru_maxrss_kb": 21428,
            "ru_stime_sec": 0.034963000000000001,
            "ru_majflt": 0,
            "ru_minflt": 4945,
            "ru_nvcsw": 38
        }
    },
    "reusePaths": {
        "reYIK_d": {
            "icPath": "csrc"
        }
    },
    "CompUnits": {
        "YyA7a_d": {
            "mode": 4,
            "out": "YyA7a_d.o",
            "mod": "mux_test",
            "bytes": 21795,
            "checksum": 0,
            "archive": "archive.23/_14076_archive_1.a"
        },
        "amcQw_d": {
            "mode": 4,
            "out": "objs/amcQw_d.o",
            "mod": "...MASTER...",
            "bytes": 7742,
            "checksum": 0
        }
    },
    "ObjArchives": [
        {
            "archive": "archive.23/_14076_archive_1.a",
            "objects": [
                [
                    "YyA7a_d.o",
                    21795
                ],
                [
                    "amcQwB.o",
                    99552
                ]
            ],
            "size": 121347
        }
    ]
}