{
    "Modules": {
        "...MASTER...": {
            "start_perf": [
                1.1014499664306641,
                0.113702,
                0.087859999999999994,
                259356,
                271404,
                1571445479.897218
            ],
            "end_perf": [
                1.1552338600158691,
                0.11626,
                0.091784000000000004,
                261908,
                271404
            ],
            "nMops": 0,
            "nQuads": 0
        },
        "std": {
            "start_perf": [
                1.1554179191589355,
                0.116355,
                0.091858999999999996,
                261908,
                271404,
                1571445479.9511859
            ],
            "Compiled": "Yes",
            "end_perf": [
                1.2035970687866211,
                0.122223,
                0.094722000000000001,
                262964,
                271404
            ],
            "Compiled Times": 66,
            "nMops": 528,
            "nQuads": 218
        },
        "tb_race_arbiter": {
            "start_perf": [
                1.2036929130554199,
                0.122278,
                0.094765000000000002,
                262964,
                271404,
                1571445479.9994609
            ],
            "Compiled": "Yes",
            "end_perf": [
                1.2242748737335205,
                0.12765699999999999,
                0.095998,
                264284,
                271404
            ],
            "Compiled Times": 12,
            "nMops": 438,
            "nQuads": 229
        }
    },
    "ObjArchives": [
        {
            "archive": "archive.66/_9470_archive_1.a",
            "objects": [
                [
                    "amcQwB.o",
                    100134
                ]
            ],
            "size": 100134
        }
    ],
    "CompUnits": {},
    "reusePaths": {
        "DVWM7_d": {
            "icPath": "csrc"
        },
        "amcQw_d": {
            "icPath": "csrc"
        },
        "reYIK_d": {
            "icPath": "csrc"
        }
    },
    "stat": {
        "ru_self_end": {
            "ru_utime_sec": 0.133604,
            "ru_minflt": 25275,
            "ru_maxrss_kb": 73256,
            "ru_stime_sec": 0.101744,
            "ru_nvcsw": 638,
            "ru_majflt": 0,
            "ru_nivcsw": 36
        },
        "ru_childs_end": {
            "ru_utime_sec": 0.016254000000000001,
            "ru_minflt": 4945,
            "ru_maxrss_kb": 21476,
            "ru_stime_sec": 0.03415,
            "ru_nvcsw": 133,
            "ru_majflt": 0,
            "ru_nivcsw": 18
        },
        "peak_mem_kb": 271404
    }
}